Sharpe Ratio,Sortino Ratio,VaR 95%
7.246819649592101,115.54245060490996,-0.7082240458303638
